Dolar_ccl;fecha;
3.91;22/2/2010;
3.93;26/2/2010;
3.89;9/3/2010;
3.9;12/3/2010;
3.91;16/3/2010;
3.92;17/3/2010;
3.85;25/3/2010;
3.87;9/4/2010;
3.9;12/4/2010;
3.87;13/4/2010;
3.87;19/4/2010;
3.86;27/4/2010;
3.92;3/5/2010;
3.88;4/5/2010;
3.94;5/5/2010;
3.95;10/5/2010;
3.89;11/5/2010;
3.99;9/6/2010;
3.99;1/7/2010;
3.94;6/7/2010;
3.94;14/7/2010;
3.93;23/7/2010;
3.91;26/7/2010;
3.92;27/7/2010;
3.91;29/7/2010;
3.97;30/7/2010;
3.96;12/8/2010;
3.9;17/8/2010;
3.91;18/8/2010;
3.86;25/8/2010;
3.93;31/8/2010;
3.96;9/9/2010;
3.95;10/9/2010;
3.95;13/9/2010;
3.94;20/9/2010;
3.91;21/9/2010;
3.92;22/9/2010;
3.93;30/9/2010;
3.95;6/10/2010;
3.9;19/10/2010;
3.9;21/10/2010;
3.95;26/10/2010;
3.92;2/11/2010;
3.97;4/11/2010;
3.9;9/11/2010;
3.86;10/11/2010;
3.98;11/11/2010;
3.98;12/11/2010;
3.97;15/11/2010;
3.97;16/11/2010;
4.02;10/12/2010;
4.01;21/12/2010;
3.98;23/12/2010;
3.97;4/1/2011;
4.02;17/1/2011;
4.01;18/1/2011;
4.02;20/1/2011;
4.04;21/1/2011;
4.05;26/1/2011;
4.04;27/1/2011;
4.12;28/1/2011;
4.09;31/1/2011;
4.13;2/2/2011;
4.11;7/2/2011;
4.12;8/2/2011;
4.13;14/2/2011;
4.13;16/2/2011;
4.16;22/2/2011;
4.19;23/2/2011;
#�VALOR!;24/2/2011;
4.24;25/2/2011;
4.21;28/2/2011;
4.19;3/3/2011;
4.2;9/3/2011;
4.22;10/3/2011;
4.22;11/3/2011;
4.22;14/3/2011;
4.22;15/3/2011;
4.24;16/3/2011;
4.21;17/3/2011;
4.21;18/3/2011;
4.21;22/3/2011;
4.21;23/3/2011;
4.19;28/3/2011;
4.13;4/4/2011;
4.15;7/4/2011;
4.21;8/4/2011;
4.21;12/4/2011;
4.19;13/4/2011;
4.22;14/4/2011;
4.23;15/4/2011;
4.24;20/4/2011;
4.23;25/4/2011;
4.24;29/4/2011;
4.26;3/5/2011;
4.27;9/5/2011;
4.35;10/5/2011;
4.36;19/5/2011;
4.42;24/5/2011;
4.46;26/5/2011;
4.34;3/6/2011;
4.33;6/6/2011;
4.32;7/6/2011;
4.35;8/6/2011;
4.31;10/6/2011;
4.32;22/6/2011;
4.24;28/6/2011;
4.23;30/6/2011;
4.21;1/7/2011;
4.2;4/7/2011;
4.23;5/7/2011;
4.24;12/7/2011;
4.24;13/7/2011;
4.23;14/7/2011;
4.23;15/7/2011;
4.24;18/7/2011;
4.23;19/7/2011;
4.24;20/7/2011;
4.25;21/7/2011;
4.22;22/7/2011;
4.19;26/7/2011;
4.27;1/8/2011;
4.26;2/8/2011;
4.27;3/8/2011;
4.3;4/8/2011;
4.38;5/8/2011;
4.27;8/8/2011;
4.32;9/8/2011;
4.33;10/8/2011;
4.34;11/8/2011;
4.33;12/8/2011;
4.32;15/8/2011;
4.35;16/8/2011;
4.36;17/8/2011;
4.34;18/8/2011;
4.4;23/8/2011;
4.41;24/8/2011;
4.37;26/8/2011;
4.42;29/8/2011;
4.43;30/8/2011;
4.43;31/8/2011;
4.39;1/9/2011;
4.48;7/9/2011;
4.49;9/9/2011;
4.54;14/9/2011;
4.57;16/9/2011;
4.61;20/9/2011;
4.62;21/9/2011;
4.62;22/9/2011;
4.68;23/9/2011;
4.6;26/9/2011;
4.65;27/9/2011;
4.68;28/9/2011;
4.69;29/9/2011;
4.67;3/10/2011;
4.65;4/10/2011;
4.63;6/10/2011;
4.53;7/10/2011;
4.53;11/10/2011;
4.57;13/10/2011;
4.74;18/10/2011;
4.76;19/10/2011;
4.75;20/10/2011;
4.72;21/10/2011;
4.72;24/10/2011;
4.86;28/10/2011;
5.06;31/10/2011;
4.84;1/11/2011;
4.66;2/11/2011;
4.73;3/11/2011;
4.75;7/11/2011;
4.71;8/11/2011;
4.8;11/11/2011;
4.78;14/11/2011;
4.58;16/11/2011;
4.61;17/11/2011;
4.39;23/11/2011;
4.61;29/11/2011;
4.59;30/11/2011;
4.67;1/12/2011;
4.65;2/12/2011;
4.72;6/12/2011;
4.61;13/12/2011;
4.66;15/12/2011;
4.67;20/12/2011;
4.68;21/12/2011;
4.61;23/12/2011;
4.64;6/1/2012;
4.67;10/1/2012;
4.69;11/1/2012;
4.65;12/1/2012;
4.72;18/1/2012;
4.73;24/1/2012;
4.61;26/1/2012;
4.65;1/2/2012;
4.73;10/2/2012;
4.82;14/2/2012;
4.77;15/2/2012;
4.78;16/2/2012;
4.78;17/2/2012;
4.74;23/2/2012;
4.78;28/2/2012;
4.8;29/2/2012;
4.85;6/3/2012;
4.87;8/3/2012;
4.86;9/3/2012;
4.89;12/3/2012;
4.92;14/3/2012;
#�VALOR!;19/3/2012;
4.99;20/3/2012;
#�VALOR!;23/3/2012;
5.3;4/4/2012;
5.36;9/4/2012;
5.42;10/4/2012;
5.33;12/4/2012;
5.37;13/4/2012;
5.4;16/4/2012;
5.65;18/4/2012;
5.41;24/4/2012;
5.35;25/4/2012;
5.45;4/5/2012;
5.55;8/5/2012;
5.93;21/5/2012;
6.09;23/5/2012;
5.96;28/5/2012;
6.12;29/5/2012;
6.17;31/5/2012;
6.31;1/6/2012;
6.23;4/6/2012;
6.18;5/6/2012;
6.07;7/6/2012;
6.11;11/6/2012;
6.5;14/6/2012;
6.5;15/6/2012;
6.65;18/6/2012;
6.66;19/6/2012;
6.66;21/6/2012;
6.66;22/6/2012;
6.72;25/6/2012;
6.6;26/6/2012;
6.54;27/6/2012;
6.56;28/6/2012;
6.56;5/7/2012;
6.63;10/7/2012;
6.76;11/7/2012;
6.69;12/7/2012;
7.01;17/7/2012;
6.86;18/7/2012;
6.96;19/7/2012;
6.83;23/7/2012;
6.77;24/7/2012;
6.74;25/7/2012;
6.8;26/7/2012;
6.85;27/7/2012;
6.78;30/7/2012;
6.71;31/7/2012;
6.71;1/8/2012;
6.72;2/8/2012;
6.66;3/8/2012;
6.59;6/8/2012;
6.66;7/8/2012;
6.47;8/8/2012;
6.15;9/8/2012;
6.17;10/8/2012;
6.29;13/8/2012;
6.39;14/8/2012;
6.48;16/8/2012;
6.49;17/8/2012;
6.45;22/8/2012;
6.47;23/8/2012;
6.51;24/8/2012;
6.48;27/8/2012;
6.46;28/8/2012;
6.43;29/8/2012;
6.5;30/8/2012;
6.48;31/8/2012;
6.49;3/9/2012;
6.57;4/9/2012;
6.52;5/9/2012;
6.47;6/9/2012;
6.47;7/9/2012;
6.45;10/9/2012;
6.44;11/9/2012;
6.47;12/9/2012;
6.44;13/9/2012;
6.37;14/9/2012;
6.35;17/9/2012;
6.32;18/9/2012;
6.35;20/9/2012;
6.33;21/9/2012;
6.31;25/9/2012;
6.29;27/9/2012;
6.31;28/9/2012;
6.25;1/10/2012;
6.27;2/10/2012;
6.3;3/10/2012;
6.29;4/10/2012;
6.28;5/10/2012;
6.34;10/10/2012;
6.36;11/10/2012;
6.32;12/10/2012;
6.34;15/10/2012;
6.3;16/10/2012;
6.4;17/10/2012;
6.4;18/10/2012;
6.39;19/10/2012;
6.41;22/10/2012;
6.42;23/10/2012;
6.39;24/10/2012;
6.39;25/10/2012;
6.57;26/10/2012;
6.55;29/10/2012;
6.51;30/10/2012;
6.62;31/10/2012;
6.67;1/11/2012;
6.81;2/11/2012;
6.84;5/11/2012;
6.89;7/11/2012;
6.86;8/11/2012;
6.8;9/11/2012;
6.85;12/11/2012;
7.01;13/11/2012;
7.01;15/11/2012;
6.96;16/11/2012;
6.75;19/11/2012;
6.81;20/11/2012;
6.81;21/11/2012;
6.93;23/11/2012;
6.93;27/11/2012;
6.86;28/11/2012;
6.74;29/11/2012;
6.75;30/11/2012;
6.83;3/12/2012;
6.81;4/12/2012;
6.76;5/12/2012;
6.67;6/12/2012;
6.7;7/12/2012;
6.62;10/12/2012;
6.54;11/12/2012;
6.52;12/12/2012;
6.57;13/12/2012;
6.64;17/12/2012;
6.55;18/12/2012;
6.41;19/12/2012;
6.48;20/12/2012;
6.63;21/12/2012;
6.62;26/12/2012;
6.67;27/12/2012;
6.55;28/12/2012;
6.66;2/1/2013;
6.8;3/1/2013;
6.78;4/1/2013;
6.89;7/1/2013;
7;8/1/2013;
7.02;9/1/2013;
7.09;10/1/2013;
7.18;11/1/2013;
7.15;14/1/2013;
7.2;15/1/2013;
7.29;16/1/2013;
7.29;17/1/2013;
7.33;18/1/2013;
7.35;21/1/2013;
7.48;22/1/2013;
7.46;23/1/2013;
7.52;24/1/2013;
7.59;25/1/2013;
7.68;28/1/2013;
7.61;29/1/2013;
7.71;30/1/2013;
7.8;1/2/2013;
7.83;4/2/2013;
7.73;5/2/2013;
7.71;6/2/2013;
7.77;7/2/2013;
7.7;8/2/2013;
7.78;13/2/2013;
7.67;14/2/2013;
7.73;15/2/2013;
7.68;19/2/2013;
7.74;21/2/2013;
7.78;22/2/2013;
7.82;25/2/2013;
7.8;26/2/2013;
7.82;27/2/2013;
8.02;28/2/2013;
8.02;1/3/2013;
7.98;4/3/2013;
8.01;5/3/2013;
8.02;6/3/2013;
8.18;7/3/2013;
8.24;8/3/2013;
8.28;11/3/2013;
8.32;12/3/2013;
8.38;13/3/2013;
8.47;14/3/2013;
8.42;15/3/2013;
8.3;18/3/2013;
8.33;19/3/2013;
8.47;20/3/2013;
8.45;21/3/2013;
8.14;22/3/2013;
8.29;25/3/2013;
8.38;26/3/2013;
8.42;27/3/2013;
8.4;3/4/2013;
8.3;4/4/2013;
8.47;5/4/2013;
8.38;8/4/2013;
8.39;9/4/2013;
8.42;10/4/2013;
8.58;11/4/2013;
8.62;12/4/2013;
8.79;15/4/2013;
8.98;16/4/2013;
9.02;17/4/2013;
9.03;18/4/2013;
8.99;19/4/2013;
8.95;22/4/2013;
8.91;23/4/2013;
8.84;24/4/2013;
8.95;25/4/2013;
9.13;26/4/2013;
9.16;29/4/2013;
9.18;30/4/2013;
9.24;2/5/2013;
9.38;3/5/2013;
9.46;6/5/2013;
9.46;7/5/2013;
9.51;8/5/2013;
9.22;9/5/2013;
8.98;10/5/2013;
8.74;13/5/2013;
8.55;14/5/2013;
8.95;15/5/2013;
8.99;16/5/2013;
8.89;17/5/2013;
8.82;20/5/2013;
8.62;21/5/2013;
8.47;22/5/2013;
8.58;23/5/2013;
8.44;24/5/2013;
8.49;27/5/2013;
8.33;28/5/2013;
8.38;29/5/2013;
8.45;30/5/2013;
8.46;31/5/2013;
8.46;3/6/2013;
8.3;4/6/2013;
8.35;5/6/2013;
8.34;6/6/2013;
8.35;7/6/2013;
8.24;10/6/2013;
8.25;11/6/2013;
8.15;12/6/2013;
8.05;13/6/2013;
7.96;14/6/2013;
7.92;17/6/2013;
7.79;18/6/2013;
7.89;19/6/2013;
#�VALOR!;24/6/2013;
7.86;25/6/2013;
7.82;26/6/2013;
7.63;27/6/2013;
7.77;28/6/2013;
7.66;1/7/2013;
7.56;2/7/2013;
7.93;3/7/2013;
7.89;4/7/2013;
7.97;5/7/2013;
8.04;8/7/2013;
8.1;10/7/2013;
8.24;11/7/2013;
8.52;12/7/2013;
8.33;15/7/2013;
8.48;16/7/2013;
8.54;17/7/2013;
8.55;18/7/2013;
8.27;19/7/2013;
8.32;22/7/2013;
8.31;23/7/2013;
8.31;24/7/2013;
8.35;25/7/2013;
8.32;26/7/2013;
8.03;29/7/2013;
8.32;30/7/2013;
8.53;31/7/2013;
8.23;1/8/2013;
8.23;2/8/2013;
8.03;5/8/2013;
8.03;6/8/2013;
8.32;7/8/2013;
8.56;8/8/2013;
8.55;9/8/2013;
8.05;12/8/2013;
8.57;13/8/2013;
8.57;14/8/2013;
8.05;15/8/2013;
8.05;16/8/2013;
8.05;20/8/2013;
8.54;21/8/2013;
8.55;22/8/2013;
8.51;23/8/2013;
8.55;26/8/2013;
8.57;27/8/2013;
8.74;28/8/2013;
8.75;29/8/2013;
8.55;30/8/2013;
8.07;2/9/2013;
8.82;3/9/2013;
8.89;4/9/2013;
8.88;5/9/2013;
8.88;6/9/2013;
8.88;9/9/2013;
8.87;10/9/2013;
8.87;11/9/2013;
9;12/9/2013;
9;13/9/2013;
9.05;16/9/2013;
9.03;17/9/2013;
9.03;18/9/2013;
9.27;19/9/2013;
9.27;20/9/2013;
9.22;23/9/2013;
9.25;24/9/2013;
9.22;25/9/2013;
9.01;26/9/2013;
9;27/9/2013;
9;30/9/2013;
8.98;1/10/2013;
9;2/10/2013;
9.05;3/10/2013;
9.05;4/10/2013;
9.01;7/10/2013;
9.05;8/10/2013;
9.05;9/10/2013;
9.05;10/10/2013;
9.01;11/10/2013;
9.01;15/10/2013;
9;16/10/2013;
9;17/10/2013;
9.01;18/10/2013;
9.02;21/10/2013;
9.27;22/10/2013;
9.27;23/10/2013;
9.35;24/10/2013;
9.35;25/10/2013;
9.04;28/10/2013;
9.03;29/10/2013;
9.11;30/10/2013;
9.16;31/10/2013;
9.17;1/11/2013;
9.22;4/11/2013;
9.18;5/11/2013;
9.32;7/11/2013;
9.02;8/11/2013;
9.17;11/11/2013;
9.23;12/11/2013;
9.03;13/11/2013;
9.25;14/11/2013;
9.25;15/11/2013;
9.02;18/11/2013;
9.15;19/11/2013;
9.05;20/11/2013;
8.95;21/11/2013;
8.93;22/11/2013;
8.97;26/11/2013;
8.87;27/11/2013;
8.72;29/11/2013;
8.52;2/12/2013;
8.32;3/12/2013;
8.04;4/12/2013;
8.48;5/12/2013;
8.55;6/12/2013;
8.53;9/12/2013;
8.58;10/12/2013;
8.44;11/12/2013;
8.44;12/12/2013;
8.46;13/12/2013;
8.56;16/12/2013;
8.46;17/12/2013;
8.55;18/12/2013;
8.58;19/12/2013;
8.5;20/12/2013;
8.53;23/12/2013;
8.55;26/12/2013;
8.71;27/12/2013;
8.85;30/12/2013;
8.88;2/1/2014;
8.89;3/1/2014;
8.91;6/1/2014;
9.13;7/1/2014;
9.15;8/1/2014;
9.22;9/1/2014;
9.39;10/1/2014;
9.49;13/1/2014;
9.55;14/1/2014;
9.79;15/1/2014;
9.79;16/1/2014;9.79
10.13;17/1/2014;10.13
10.16;20/1/2014;10.16
9.91;21/1/2014;9.91
10.04;22/1/2014;10.04
10.48;23/1/2014;10.48
11.12;24/1/2014;11.12
10.99;27/1/2014;10.99
10.87;28/1/2014;10.87
10.99;29/1/2014;10.99
11.32;30/1/2014;11.32
11.47;31/1/2014;11.47
12;3/2/2014;
12.65;4/2/2014;
12.43;5/2/2014;
12;6/2/2014;
11.62;7/2/2014;
10.08;10/2/2014;
10.74;11/2/2014;
10.87;12/2/2014;
10.95;13/2/2014;
10.87;14/2/2014;
10.77;18/2/2014;
10.05;19/2/2014;
10.55;20/2/2014;
10.58;21/2/2014;
10.55;24/2/2014;
10.04;25/2/2014;
10.51;26/2/2014;
10.05;27/2/2014;
10.34;28/2/2014;
10.35;5/3/2014;
10.32;6/3/2014;
10.02;7/3/2014;
10.07;10/3/2014;
10.19;11/3/2014;
10.04;12/3/2014;
10.28;13/3/2014;
10.39;14/3/2014;
10.28;17/3/2014;
10.14;18/3/2014;
10.14;19/3/2014;
10.29;20/3/2014;
10.27;21/3/2014;
10.03;25/3/2014;
10.29;26/3/2014;
10.21;27/3/2014;
10.02;28/3/2014;
10;31/3/2014;
10.17;1/4/2014;
10.01;3/4/2014;
9.93;4/4/2014;
9.65;7/4/2014;
9.67;8/4/2014;
9.06;9/4/2014;
9.52;10/4/2014;
9.61;11/4/2014;
9.66;14/4/2014;
9.59;15/4/2014;
9.62;16/4/2014;
9.75;21/4/2014;
9.67;22/4/2014;
9.64;23/4/2014;
9.59;24/4/2014;
9.67;25/4/2014;
9.73;28/4/2014;
10.02;29/4/2014;
10.12;30/4/2014;
9.96;5/5/2014;
9.84;6/5/2014;
9.85;7/5/2014;
9.61;8/5/2014;
9.66;9/5/2014;
9.77;12/5/2014;
9.68;13/5/2014;
9.86;14/5/2014;
10.13;15/5/2014;
10.19;16/5/2014;
10.03;19/5/2014;
10.76;20/5/2014;
10.92;21/5/2014;
10.77;22/5/2014;
10.87;23/5/2014;
10.81;26/5/2014;
10.81;27/5/2014;
11.02;28/5/2014;
11.27;29/5/2014;
11.13;30/5/2014;
10.88;2/6/2014;
10.77;3/6/2014;
10.65;4/6/2014;
10.56;5/6/2014;
10.59;6/6/2014;
10.05;9/6/2014;
10.68;10/6/2014;
10.06;11/6/2014;
10.51;12/6/2014;
10.63;13/6/2014;
10.44;16/6/2014;
10.38;17/6/2014;
10.71;18/6/2014;
10.51;19/6/2014;
10.25;23/6/2014;
10.07;24/6/2014;
10.12;25/6/2014;
10.05;26/6/2014;
10;27/6/2014;
10.28;30/6/2014;
10.11;1/7/2014;
10.12;2/7/2014;
10.09;3/7/2014;
10.01;4/7/2014;
10.02;7/7/2014;
10.01;8/7/2014;
10.08;10/7/2014;
9.93;11/7/2014;
9.88;14/7/2014;
10.12;15/7/2014;
10.13;16/7/2014;
10.11;17/7/2014;
10.08;18/7/2014;
9.98;21/7/2014;
9.96;22/7/2014;
9.91;23/7/2014;
9.93;24/7/2014;
9.81;25/7/2014;
9.08;28/7/2014;
10.07;29/7/2014;
10.26;30/7/2014;
10.12;31/7/2014;
10;1/8/2014;
10.34;4/8/2014;
10.35;5/8/2014;
10.42;6/8/2014;
10.42;7/8/2014;
10.56;8/8/2014;
10.05;11/8/2014;
10.76;12/8/2014;
11.31;13/8/2014;
11.47;14/8/2014;
11.06;15/8/2014;
11.75;19/8/2014;
11.78;20/8/2014;
12.19;21/8/2014;
12.38;22/8/2014;
12.16;25/8/2014;
12.04;26/8/2014;
12.71;27/8/2014;
12.97;28/8/2014;
12.95;29/8/2014;
12.84;2/9/2014;
12.09;3/9/2014;
12.75;4/9/2014;
12.54;5/9/2014;
12.96;8/9/2014;
13.03;9/9/2014;
13.32;10/9/2014;
13.25;11/9/2014;
13.27;12/9/2014;
13.22;15/9/2014;
13.33;16/9/2014;
13.42;17/9/2014;
13.49;18/9/2014;
13.61;19/9/2014;
13.91;22/9/2014;
14.53;23/9/2014;
14.49;24/9/2014;
14.49;25/9/2014;
14.73;26/9/2014;
14.69;29/9/2014;
14.91;30/9/2014;
15.02;1/10/2014;
14.36;2/10/2014;
13.09;3/10/2014;
15;6/10/2014;
14.17;7/10/2014;
14.27;8/10/2014;
13.77;9/10/2014;
13.46;10/10/2014;
13.29;14/10/2014;
13.24;15/10/2014;
13.25;16/10/2014;
13.79;17/10/2014;
13.07;20/10/2014;
14.07;21/10/2014;
13.82;22/10/2014;
13.47;23/10/2014;
13.07;24/10/2014;
13.19;27/10/2014;
13.17;28/10/2014;
12.93;29/10/2014;
13.04;30/10/2014;
13.05;31/10/2014;
13.05;3/11/2014;
13.38;4/11/2014;
13.19;5/11/2014;
12.98;7/11/2014;
12.73;10/11/2014;
12.78;11/11/2014;
12.55;12/11/2014;
12.45;13/11/2014;
12.13;14/11/2014;
12.12;17/11/2014;
12.08;18/11/2014;
11.92;19/11/2014;
11.75;20/11/2014;
11.78;21/11/2014;
11.98;25/11/2014;
11.97;26/11/2014;
11.97;28/11/2014;
12.27;1/12/2014;
11.09;2/12/2014;
11.91;3/12/2014;
11.99;4/12/2014;
12.01;5/12/2014;
11.88;9/12/2014;
11.66;10/12/2014;
11.03;11/12/2014;
11.53;12/12/2014;
11.65;15/12/2014;
11.39;16/12/2014;
11.65;17/12/2014;
11.65;18/12/2014;
11.33;19/12/2014;
11.24;22/12/2014;
11.29;23/12/2014;
11.27;29/12/2014;
11.26;30/12/2014;
11.93;2/1/2015;
12.24;5/1/2015;
11.98;6/1/2015;
12.09;7/1/2015;
12.13;8/1/2015;
12.17;9/1/2015;
12.02;12/1/2015;
12.07;13/1/2015;
12.22;14/1/2015;
12.16;15/1/2015;
12.45;16/1/2015;
12.41;19/1/2015;
12.41;20/1/2015;
12.46;21/1/2015;
12.16;22/1/2015;
12.01;23/1/2015;
12.18;26/1/2015;
12.02;27/1/2015;
12.19;28/1/2015;
12.31;29/1/2015;
12.19;30/1/2015;
12.22;2/2/2015;
12.02;3/2/2015;
12.33;4/2/2015;
12.27;5/2/2015;
12.11;6/2/2015;
12.31;9/2/2015;
12.03;10/2/2015;
12.25;11/2/2015;
12.21;12/2/2015;
12.02;13/2/2015;
12.29;18/2/2015;
12.23;19/2/2015;
12.22;20/2/2015;
11.96;23/2/2015;
11.89;24/2/2015;
11.74;25/2/2015;
11.77;26/2/2015;
11.68;27/2/2015;
11.92;2/3/2015;
11.82;3/3/2015;
11.84;4/3/2015;
11.82;5/3/2015;
11.74;6/3/2015;
11.87;9/3/2015;
11.91;10/3/2015;
11.87;11/3/2015;
11.86;12/3/2015;
11.81;13/3/2015;
11.97;16/3/2015;
12;17/3/2015;
11.91;18/3/2015;
12.04;19/3/2015;
12.07;20/3/2015;
11.97;25/3/2015;
12.01;26/3/2015;
11.75;27/3/2015;
11.09;30/3/2015;
11.97;31/3/2015;
12.13;1/4/2015;
11.99;6/4/2015;
12.13;7/4/2015;
12.13;8/4/2015;
11.85;9/4/2015;
11.95;10/4/2015;
11.93;13/4/2015;
11.86;14/4/2015;
12.15;15/4/2015;
12.14;16/4/2015;
12.14;17/4/2015;
12.11;20/4/2015;
11.98;21/4/2015;
11.69;22/4/2015;
11.88;23/4/2015;
11.95;24/4/2015;
11.97;27/4/2015;
11.08;28/4/2015;
11.78;29/4/2015;
11.94;30/4/2015;
11.93;4/5/2015;
11.88;5/5/2015;
11.77;6/5/2015;
11.09;7/5/2015;
11.92;8/5/2015;
12.01;11/5/2015;
11.96;12/5/2015;
11.96;13/5/2015;
11.97;14/5/2015;
11.94;15/5/2015;
12.05;18/5/2015;
11.99;19/5/2015;
11.83;20/5/2015;
11.83;21/5/2015;
11.08;22/5/2015;
11.84;26/5/2015;
11.07;27/5/2015;
11.69;28/5/2015;
11.71;29/5/2015;
11.68;1/6/2015;
11.66;2/6/2015;
11.72;3/6/2015;
11.67;4/6/2015;
11.61;5/6/2015;
11.65;8/6/2015;
11.64;9/6/2015;
11.75;10/6/2015;
11.07;11/6/2015;
11.74;12/6/2015;
11.96;15/6/2015;
11.86;16/6/2015;
12.07;17/6/2015;
12.02;18/6/2015;
12.43;19/6/2015;
12.37;22/6/2015;
12.47;23/6/2015;
12.36;24/6/2015;
12.48;25/6/2015;
12.68;26/6/2015;
12.86;29/6/2015;
12.87;30/6/2015;
13.14;1/7/2015;
13.38;2/7/2015;
13.19;6/7/2015;
13.26;7/7/2015;
13.28;8/7/2015;
13.35;10/7/2015;
13.34;13/7/2015;
13.27;14/7/2015;
13.35;15/7/2015;
13.29;16/7/2015;
13.26;17/7/2015;
13.34;20/7/2015;
13.72;21/7/2015;
13.58;22/7/2015;
13.33;23/7/2015;
13.34;24/7/2015;
13.14;27/7/2015;
13.14;28/7/2015;
13.25;29/7/2015;
13.24;30/7/2015;
13.28;31/7/2015;
13.31;3/8/2015;
13.45;4/8/2015;
13.04;5/8/2015;
13.34;6/8/2015;
13.33;7/8/2015;
13.37;10/8/2015;
13.35;11/8/2015;
13.41;12/8/2015;
13.43;13/8/2015;
13.43;14/8/2015;
13.44;18/8/2015;
13.43;19/8/2015;
13.42;20/8/2015;
13.46;21/8/2015;
13.52;24/8/2015;
13.51;25/8/2015;
13.08;26/8/2015;
13.74;27/8/2015;
13.98;28/8/2015;
13.89;31/8/2015;
13.91;1/9/2015;
13.97;2/9/2015;
14.08;3/9/2015;
13.95;4/9/2015;
13.95;8/9/2015;
14.07;9/9/2015;
14.04;10/9/2015;
14.09;11/9/2015;
14.01;14/9/2015;
14.13;15/9/2015;
14.12;16/9/2015;
14.13;17/9/2015;
14.13;18/9/2015;
14.17;21/9/2015;
14.15;22/9/2015;
13.02;23/9/2015;
13.03;24/9/2015;
13.34;25/9/2015;
13.83;28/9/2015;
13.87;29/9/2015;
13.94;30/9/2015;
13.93;1/10/2015;
13.07;2/10/2015;
13.09;5/10/2015;
14.02;6/10/2015;
13.99;7/10/2015;
13.94;8/10/2015;
13.87;9/10/2015;
13.95;13/10/2015;
13.85;14/10/2015;
13.67;15/10/2015;
13.08;16/10/2015;
13.97;19/10/2015;
14.05;20/10/2015;
13.94;21/10/2015;
14.04;22/10/2015;
14.11;23/10/2015;
14.12;26/10/2015;
14.04;27/10/2015;
13.57;28/10/2015;
13.07;29/10/2015;
13.66;30/10/2015;
13.69;2/11/2015;
13.74;3/11/2015;
13.77;4/11/2015;
13.74;5/11/2015;
13.86;9/11/2015;
14.29;10/11/2015;
14.37;11/11/2015;
14.25;12/11/2015;
14.37;13/11/2015;
14.46;16/11/2015;
14.77;17/11/2015;
14.92;18/11/2015;
14.86;19/11/2015;
14.89;20/11/2015;
14.86;23/11/2015;
14.06;24/11/2015;
14.04;25/11/2015;
14.51;30/11/2015;
14.47;1/12/2015;
14.68;2/12/2015;
14.73;3/12/2015;
14.79;4/12/2015;
15.13;9/12/2015;
15.17;10/12/2015;
15.35;11/12/2015;
15.13;14/12/2015;
14.88;15/12/2015;
14.53;16/12/2015;
14.26;17/12/2015;
14.02;18/12/2015;
13.93;21/12/2015;
13.74;22/12/2015;
13.09;23/12/2015;
14.33;28/12/2015;
14.34;29/12/2015;
14.14;30/12/2015;
13.69;4/1/2016;
13.66;5/1/2016;
14.02;6/1/2016;
14.16;7/1/2016;
14.54;8/1/2016;
14.47;11/1/2016;
14.19;12/1/2016;
13.97;13/1/2016;
13.83;14/1/2016;
13.71;15/1/2016;
13.78;19/1/2016;
13.09;20/1/2016;
13.86;21/1/2016;
13.74;22/1/2016;
14.14;25/1/2016;
14.02;26/1/2016;
14;27/1/2016;
14;28/1/2016;
13.98;29/1/2016;
14.24;1/2/2016;
14.04;2/2/2016;
14.33;3/2/2016;
14.41;4/2/2016;
14.51;5/2/2016;
14.63;10/2/2016;
14.85;11/2/2016;
14.95;12/2/2016;
15.18;16/2/2016;
15.35;17/2/2016;
15.36;18/2/2016;
15.28;19/2/2016;
15.02;22/2/2016;
15.32;23/2/2016;
15.52;24/2/2016;
15.54;25/2/2016;
15.45;26/2/2016;
15.57;29/2/2016;
15.09;1/3/2016;
16.03;2/3/2016;
15.76;3/3/2016;
15.49;4/3/2016;
15.46;7/3/2016;
15.48;8/3/2016;
15.41;9/3/2016;
15.35;10/3/2016;
15.34;11/3/2016;
14.95;14/3/2016;
14.81;15/3/2016;
14.64;16/3/2016;
14.72;17/3/2016;
14.88;18/3/2016;
14.76;21/3/2016;
14.56;22/3/2016;
14.46;23/3/2016;
14.05;28/3/2016;
14.74;29/3/2016;
14.75;30/3/2016;
14.79;31/3/2016;
14.82;1/4/2016;
14.86;4/4/2016;
14.86;5/4/2016;
14.79;6/4/2016;
14.75;7/4/2016;
14.61;8/4/2016;
14.56;11/4/2016;
14.61;12/4/2016;
14.52;13/4/2016;
14.27;14/4/2016;
14.51;15/4/2016;
14.29;18/4/2016;
14.24;19/4/2016;
14.41;20/4/2016;
14.39;21/4/2016;
14.51;22/4/2016;
14.47;25/4/2016;
14.42;26/4/2016;
14.37;27/4/2016;
14.25;28/4/2016;
14.26;29/4/2016;
14.34;2/5/2016;
14.24;3/5/2016;
14.26;4/5/2016;
13.96;5/5/2016;
14.19;6/5/2016;
14.16;9/5/2016;
14.23;10/5/2016;
14.23;11/5/2016;
14.15;12/5/2016;
14.15;13/5/2016;
14.17;16/5/2016;
14.17;17/5/2016;
14.01;18/5/2016;
14.03;19/5/2016;
14.01;20/5/2016;
14.05;23/5/2016;
13.97;24/5/2016;
14.07;26/5/2016;
14.05;27/5/2016;
14.05;31/5/2016;
14.14;1/6/2016;
14.01;2/6/2016;
14.03;3/6/2016;
13.98;6/6/2016;
13.93;7/6/2016;
13.98;8/6/2016;
13.91;9/6/2016;
13.88;10/6/2016;
13.88;13/6/2016;
13.91;14/6/2016;
13.92;15/6/2016;
13.87;16/6/2016;
14.03;21/6/2016;
14.11;22/6/2016;
14.28;23/6/2016;
14.06;24/6/2016;
14.97;27/6/2016;
15.04;28/6/2016;
15.14;29/6/2016;
15.02;30/6/2016;
15.32;1/7/2016;
15.22;5/7/2016;
14.98;6/7/2016;
14.95;7/7/2016;
14.89;11/7/2016;
14.79;12/7/2016;
14.68;13/7/2016;
14.72;14/7/2016;
14.83;15/7/2016;
15.03;18/7/2016;
15.27;19/7/2016;
15.17;20/7/2016;
15.18;21/7/2016;
15.16;22/7/2016;
15.06;25/7/2016;
15.07;26/7/2016;
15.03;27/7/2016;
15.01;28/7/2016;
15.11;29/7/2016;
15.08;1/8/2016;
15.03;2/8/2016;
14.93;3/8/2016;
14.96;4/8/2016;
15.04;5/8/2016;
14.97;8/8/2016;
14.85;9/8/2016;
14.85;10/8/2016;
14.85;11/8/2016;
14.77;12/8/2016;
14.77;16/8/2016;
14.76;17/8/2016;
14.83;18/8/2016;
14.95;19/8/2016;
14.93;22/8/2016;
14.88;23/8/2016;
14.87;24/8/2016;
14.91;25/8/2016;
14.99;26/8/2016;
15.05;29/8/2016;
15.02;30/8/2016;
15.01;31/8/2016;
14.99;1/9/2016;
14.95;2/9/2016;
15.06;6/9/2016;
15.08;7/9/2016;
15.13;8/9/2016;
15.04;9/9/2016;
15.01;12/9/2016;
15.04;13/9/2016;
15.06;14/9/2016;
15.01;15/9/2016;
15.01;16/9/2016;
15.17;19/9/2016;
15.26;20/9/2016;
15.24;21/9/2016;
15.24;22/9/2016;
15.23;23/9/2016;
15.02;26/9/2016;
15.22;27/9/2016;
15.35;28/9/2016;
15.41;29/9/2016;
15.39;30/9/2016;
15.28;3/10/2016;
15.22;4/10/2016;
15.24;5/10/2016;
15.24;6/10/2016;
15.26;7/10/2016;
15.28;11/10/2016;
15.26;12/10/2016;
15.02;13/10/2016;
15.21;14/10/2016;
15.16;17/10/2016;
15.25;18/10/2016;
15.25;19/10/2016;
15.28;20/10/2016;
15.26;21/10/2016;
15.22;24/10/2016;
15.02;25/10/2016;
15.26;26/10/2016;
15.26;27/10/2016;
15.24;28/10/2016;
15.29;31/10/2016;
15.23;1/11/2016;
15.16;2/11/2016;
15.19;3/11/2016;
15.17;4/11/2016;
15.13;7/11/2016;
15.16;8/11/2016;
15.05;9/11/2016;
15.02;10/11/2016;
15.01;11/11/2016;
15.47;14/11/2016;
15.77;15/11/2016;
15.61;16/11/2016;
15.65;17/11/2016;
15.62;18/11/2016;
15.06;21/11/2016;
15.53;22/11/2016;
15.58;23/11/2016;
15.65;29/11/2016;
15.79;30/11/2016;
15.96;1/12/2016;
15.86;2/12/2016;
16.02;5/12/2016;
16.07;6/12/2016;
15.98;7/12/2016;
16.07;12/12/2016;
16.12;13/12/2016;
16.09;14/12/2016;
16.06;15/12/2016;
16.05;16/12/2016;
16.09;19/12/2016;
15.98;20/12/2016;
15.96;21/12/2016;
16.01;22/12/2016;
15.87;23/12/2016;
15.71;27/12/2016;
15.73;28/12/2016;
15.87;29/12/2016;
16.09;3/1/2017;
16.02;4/1/2017;
16.03;5/1/2017;
16.06;6/1/2017;
15.91;9/1/2017;
16;10/1/2017;
15.89;11/1/2017;
15.82;12/1/2017;
15.84;13/1/2017;
15.92;17/1/2017;
16.02;18/1/2017;
16;19/1/2017;
15.96;20/1/2017;
15.97;23/1/2017;
15.93;24/1/2017;
15.96;25/1/2017;
16;26/1/2017;
16;27/1/2017;
16.01;30/1/2017;
16.01;31/1/2017;
15.96;1/2/2017;
15.85;2/2/2017;
15.84;3/2/2017;
15.73;6/2/2017;
15.79;7/2/2017;
15.74;8/2/2017;
15.73;9/2/2017;
15.63;10/2/2017;
15.06;13/2/2017;
15.57;14/2/2017;
15.56;15/2/2017;
15.48;16/2/2017;
15.49;17/2/2017;
15.73;21/2/2017;
15.68;22/2/2017;
15.68;23/2/2017;
15.62;24/2/2017;
15.59;1/3/2017;
15.53;2/3/2017;
15.53;3/3/2017;
15.58;6/3/2017;
15.53;7/3/2017;
15.64;8/3/2017;
15.69;9/3/2017;
15.62;10/3/2017;
15.57;13/3/2017;
15.53;14/3/2017;
15.56;15/3/2017;
15.63;16/3/2017;
15.59;17/3/2017;
15.57;20/3/2017;
15.67;21/3/2017;
15.63;22/3/2017;
15.62;23/3/2017;
15.61;27/3/2017;
15.63;28/3/2017;
15.59;29/3/2017;
15.05;30/3/2017;
15.49;31/3/2017;
15.51;3/4/2017;
15.49;4/4/2017;
15.49;5/4/2017;
15.48;6/4/2017;
15.51;7/4/2017;
15.46;10/4/2017;
15.43;11/4/2017;
15.48;12/4/2017;
15.48;17/4/2017;
15.48;18/4/2017;
15.65;19/4/2017;
15.76;20/4/2017;
15.47;21/4/2017;
15.53;24/4/2017;
15.47;25/4/2017;
15.43;26/4/2017;
15.51;27/4/2017;
15.48;28/4/2017;
15.45;2/5/2017;
15.32;3/5/2017;
15.35;4/5/2017;
15.39;5/5/2017;
15.34;8/5/2017;
15.46;9/5/2017;
15.56;10/5/2017;
15.05;11/5/2017;
15.05;12/5/2017;
15.53;15/5/2017;
15.59;16/5/2017;
15.63;17/5/2017;
15.67;18/5/2017;
15.09;19/5/2017;
15.92;22/5/2017;
16.21;23/5/2017;
16.02;24/5/2017;
16.22;26/5/2017;
16.09;30/5/2017;
16.22;31/5/2017;
16.02;1/6/2017;
16.01;2/6/2017;
16.11;5/6/2017;
16.11;6/6/2017;
16.15;7/6/2017;
16.01;8/6/2017;
15.97;9/6/2017;
15.09;12/6/2017;
15.09;13/6/2017;
15.87;14/6/2017;
15.94;15/6/2017;
16;16/6/2017;
16.07;19/6/2017;
16.13;21/6/2017;
16.16;22/6/2017;
16.15;23/6/2017;
16.25;26/6/2017;
16.37;27/6/2017;
16.32;28/6/2017;
16.41;29/6/2017;
16.45;30/6/2017;
16.64;3/7/2017;
16.84;5/7/2017;
17.09;6/7/2017;
16.96;7/7/2017;
16.94;10/7/2017;
17.02;11/7/2017;
17.14;12/7/2017;
17.11;13/7/2017;
17.09;14/7/2017;
16.96;17/7/2017;
17;18/7/2017;
17.21;19/7/2017;
17.22;20/7/2017;
17.32;21/7/2017;
17.55;24/7/2017;
17.56;25/7/2017;
17.59;26/7/2017;
17.54;27/7/2017;
17.81;28/7/2017;
17.87;31/7/2017;
17.72;1/8/2017;
17.72;2/8/2017;
17.64;3/8/2017;
17.72;4/8/2017;
17.71;7/8/2017;
17.08;8/8/2017;
17.83;9/8/2017;
17.81;10/8/2017;
17.78;11/8/2017;
17.91;14/8/2017;
17.21;15/8/2017;
17.12;16/8/2017;
17.26;17/8/2017;
17.35;18/8/2017;
17.03;22/8/2017;
17.25;23/8/2017;
17.37;24/8/2017;
17.24;25/8/2017;
17.24;28/8/2017;
17.25;29/8/2017;
17.39;30/8/2017;
17.05;31/8/2017;
17.04;1/9/2017;
17.32;5/9/2017;
17.34;6/9/2017;
17.27;7/9/2017;
17.25;8/9/2017;
17.22;11/9/2017;
17.02;12/9/2017;
17.01;13/9/2017;
17.12;14/9/2017;
17.02;15/9/2017;
17.04;18/9/2017;
17.19;19/9/2017;
17.19;20/9/2017;
17.26;21/9/2017;
17.33;22/9/2017;
17.39;25/9/2017;
17.55;26/9/2017;
17.58;27/9/2017;
17.57;28/9/2017;
17.06;29/9/2017;
17.41;2/10/2017;
17.45;3/10/2017;
17.53;4/10/2017;
17.44;5/10/2017;
17.44;6/10/2017;
17.05;9/10/2017;
17.55;10/10/2017;
17.51;11/10/2017;
17.54;12/10/2017;
17.51;13/10/2017;
17.55;17/10/2017;
17.49;18/10/2017;
17.38;19/10/2017;
17.45;20/10/2017;
17.49;23/10/2017;
17.49;24/10/2017;
17.48;25/10/2017;
17.45;26/10/2017;
17.73;27/10/2017;
17.63;30/10/2017;
17.73;31/10/2017;
17.07;1/11/2017;
17.06;2/11/2017;
17.52;3/11/2017;
17.67;7/11/2017;
17.06;8/11/2017;
17.53;9/11/2017;
17.49;10/11/2017;
17.04;13/11/2017;
17.54;14/11/2017;
17.51;15/11/2017;
17.57;16/11/2017;
17.68;17/11/2017;
17.64;21/11/2017;
17.57;22/11/2017;
17.47;24/11/2017;
17.05;27/11/2017;
17.44;28/11/2017;
17.43;29/11/2017;
17.43;30/11/2017;
17.42;1/12/2017;
17.29;4/12/2017;
17.37;5/12/2017;
17.34;6/12/2017;
17.31;7/12/2017;
17.32;11/12/2017;
17.29;12/12/2017;
17.29;13/12/2017;
17.38;14/12/2017;
17.52;15/12/2017;
17.72;18/12/2017;
17.76;19/12/2017;
17.84;20/12/2017;
17.78;21/12/2017;
17.97;22/12/2017;
18.06;26/12/2017;
18.31;27/12/2017;
18.38;28/12/2017;
18.93;29/12/2017;
18.72;2/1/2018;
18.38;3/1/2018;
18.53;4/1/2018;
18.82;5/1/2018;
18.89;8/1/2018;
19.12;9/1/2018;
18.98;10/1/2018;
18.64;11/1/2018;
18.83;12/1/2018;
18.78;16/1/2018;
19.05;17/1/2018;
18.94;18/1/2018;
18.95;19/1/2018;
19.02;22/1/2018;
19.17;23/1/2018;
19.38;24/1/2018;
19.64;25/1/2018;
19.64;26/1/2018;
19.62;29/1/2018;
19.62;30/1/2018;
19.68;31/1/2018;
19.07;1/2/2018;
19.49;2/2/2018;
19.51;5/2/2018;
19.48;6/2/2018;
19.58;7/2/2018;
19.07;8/2/2018;
20;9/2/2018;
20.03;14/2/2018;
20.15;15/2/2018;
20.03;16/2/2018;
20.11;20/2/2018;
19.98;21/2/2018;
20.01;22/2/2018;
20.06;23/2/2018;
20.03;26/2/2018;
20.32;27/2/2018;
20.31;28/2/2018;
20.16;1/3/2018;
20.38;2/3/2018;
20.43;5/3/2018;
20.33;6/3/2018;
20.41;7/3/2018;
20.42;8/3/2018;
20.45;9/3/2018;
20.32;12/3/2018;
20.29;13/3/2018;
20.25;14/3/2018;
20.22;15/3/2018;
20.29;16/3/2018;
20.23;19/3/2018;
20.13;20/3/2018;
20.27;21/3/2018;
20.29;22/3/2018;
20.03;23/3/2018;
20.29;26/3/2018;
20.19;27/3/2018;
20.15;28/3/2018;
20.02;3/4/2018;
20.18;4/4/2018;
20.21;5/4/2018;
20.22;6/4/2018;
20.25;9/4/2018;
20.03;10/4/2018;
20.02;11/4/2018;
20.19;12/4/2018;
20.19;13/4/2018;
20.21;16/4/2018;
20.18;17/4/2018;
20.19;18/4/2018;
20.14;19/4/2018;
20.23;20/4/2018;
20.24;23/4/2018;
20.26;24/4/2018;
20.23;25/4/2018;
20.22;26/4/2018;
20.83;27/4/2018;
20.66;2/5/2018;
21.29;3/5/2018;
22.75;4/5/2018;
22.03;7/5/2018;
22.38;8/5/2018;
22.38;9/5/2018;
22.68;10/5/2018;
22.06;11/5/2018;
24.13;14/5/2018;
25.73;15/5/2018;
24.08;16/5/2018;
24.91;17/5/2018;
24.91;18/5/2018;
24.91;21/5/2018;
24.49;22/5/2018;
24.32;23/5/2018;
24.42;24/5/2018;
24.74;29/5/2018;
24.93;30/5/2018;
24.96;31/5/2018;
25.02;1/6/2018;
25.17;4/6/2018;
24.99;5/6/2018;
25.12;6/6/2018;
25.05;7/6/2018;
25.03;8/6/2018;
25.49;11/6/2018;
26.05;12/6/2018;
26.07;13/6/2018;
26.27;14/6/2018;
28.18;15/6/2018;
28.51;18/6/2018;
27.06;19/6/2018;
28.23;21/6/2018;
28.07;22/6/2018;
27.36;25/6/2018;
27.19;26/6/2018;
27.29;27/6/2018;
27.29;28/6/2018;
28.23;29/6/2018;
28.64;2/7/2018;
28.67;3/7/2018;
27.98;5/7/2018;
28.27;6/7/2018;
28.05;10/7/2018;
27.29;11/7/2018;
27.43;12/7/2018;
27.28;13/7/2018;
27.28;16/7/2018;
27.31;17/7/2018;
27.62;18/7/2018;
27.72;19/7/2018;
27.74;20/7/2018;
27.69;23/7/2018;
27.73;24/7/2018;
27.48;25/7/2018;
27.04;26/7/2018;
27.47;27/7/2018;
27.37;30/7/2018;
27.33;31/7/2018;
27.45;1/8/2018;
27.64;2/8/2018;
27.43;3/8/2018;
27.03;6/8/2018;
27.31;7/8/2018;
27.28;8/8/2018;
27.65;9/8/2018;
28.01;10/8/2018;
29.55;13/8/2018;
30.21;14/8/2018;
29.09;15/8/2018;
30.33;16/8/2018;
30.03;17/8/2018;
30.05;21/8/2018;
30.06;22/8/2018;
30.32;23/8/2018;
30.56;24/8/2018;
30.94;27/8/2018;
31.17;28/8/2018;
31.81;29/8/2018;
33.76;30/8/2018;
39.05;31/8/2018;
37.87;4/9/2018;
39.19;5/9/2018;
37.72;6/9/2018;
37.72;7/9/2018;
37.19;10/9/2018;
37.06;11/9/2018;
38.19;12/9/2018;
38.64;13/9/2018;
39.91;14/9/2018;
40.07;17/9/2018;
39.08;18/9/2018;
40.14;19/9/2018;
39.05;20/9/2018;
38.17;21/9/2018;
37.31;24/9/2018;
37.48;25/9/2018;
38.38;26/9/2018;
38.48;27/9/2018;
39.77;28/9/2018;
41.41;1/10/2018;
39.53;2/10/2018;
38.15;3/10/2018;
37.73;4/10/2018;
37.82;8/10/2018;
37.42;9/10/2018;
37.08;10/10/2018;
37.51;11/10/2018;
36.87;12/10/2018;
37.14;16/10/2018;
36.02;17/10/2018;
36.31;18/10/2018;
36.83;19/10/2018;
36.62;22/10/2018;
36.68;23/10/2018;
36.09;24/10/2018;
37.35;25/10/2018;
36.91;26/10/2018;
36.81;29/10/2018;
37.08;30/10/2018;
36.68;31/10/2018;
35.85;1/11/2018;
35.94;2/11/2018;
35.64;3/11/2018;
35.64;4/11/2018;
35.57;5/11/2018;
35.72;6/11/2018;
35.72;7/11/2018;
35.75;8/11/2018;
35.71;9/11/2018;
35.67;10/11/2018;
35.67;11/11/2018;
35.06;12/11/2018;
35.44;13/11/2018;
35.44;14/11/2018;
36.08;15/11/2018;
36.08;16/11/2018;
36.16;17/11/2018;
36.16;18/11/2018;
36.16;19/11/2018;
36.01;20/11/2018;
36.23;21/11/2018;
36.56;22/11/2018;
36.23;23/11/2018;
37.81;24/11/2018;
37.81;25/11/2018;
37.81;26/11/2018;
38.72;27/11/2018;
38.59;28/11/2018;
38.58;29/11/2018;
37.68;30/11/2018;
37.68;1/12/2018;
37.68;2/12/2018;
37.69;3/12/2018;
36.61;4/12/2018;
37.63;5/12/2018;
37.04;6/12/2018;
38.03;7/12/2018;
37.59;8/12/2018;
37.59;9/12/2018;
37.64;10/12/2018;
37.65;11/12/2018;
37.65;12/12/2018;
37.59;13/12/2018;
37.84;14/12/2018;
38.54;15/12/2018;
38.54;16/12/2018;
38.57;17/12/2018;
38.57;18/12/2018;
38.49;19/12/2018;
38.61;20/12/2018;
38.59;21/12/2018;
38.06;22/12/2018;
38.06;23/12/2018;
38.06;24/12/2018;
38.06;25/12/2018;
38.01;26/12/2018;
38.46;27/12/2018;
38.54;28/12/2018;
38.04;29/12/2018;
38.04;30/12/2018;
38.04;31/12/2018;
38.04;1/1/2019;
37.81;2/1/2019;
37.81;3/1/2019;
37.61;4/1/2019;
37.55;5/1/2019;
37.55;6/1/2019;
37.47;7/1/2019;
37.05;8/1/2019;
37.51;9/1/2019;
37.46;10/1/2019;
37.24;11/1/2019;
37.01;12/1/2019;
37.01;13/1/2019;
37.09;14/1/2019;
36.89;15/1/2019;
37.09;16/1/2019;
37.62;17/1/2019;
37.09;18/1/2019;
37.86;19/1/2019;
37.86;20/1/2019;
37.76;21/1/2019;
37.78;22/1/2019;
37.63;23/1/2019;
37.63;24/1/2019;
37.48;25/1/2019;
37.62;26/1/2019;
37.62;27/1/2019;
37.01;28/1/2019;
37.08;29/1/2019;
37.05;30/1/2019;
37.41;31/1/2019;
37.45;1/2/2019;
37.54;2/2/2019;
37.54;3/2/2019;
37.31;4/2/2019;
37.13;5/2/2019;
37.15;6/2/2019;
37.48;7/2/2019;
37.76;8/2/2019;
37.89;9/2/2019;
37.89;10/2/2019;
37.85;11/2/2019;
38.05;12/2/2019;
38.02;13/2/2019;
38.23;14/2/2019;
38.35;15/2/2019;
38.75;16/2/2019;
38.75;17/2/2019;
38.81;18/2/2019;
39.32;19/2/2019;
39.96;20/2/2019;
39.96;21/2/2019;
39.76;22/2/2019;
39.45;23/2/2019;
39.45;24/2/2019;
39.34;25/2/2019;
39.19;26/2/2019;
39.09;27/2/2019;
39.04;28/2/2019;
39.35;1/3/2019;
40.01;2/3/2019;
40.01;3/3/2019;
40.01;4/3/2019;
40.01;5/3/2019;
40.31;6/3/2019;
40.76;7/3/2019;
42.08;8/3/2019;
41.41;9/3/2019;
41.41;10/3/2019;
41.43;11/3/2019;
41.32;12/3/2019;
41.39;13/3/2019;
41.27;14/3/2019;
40.08;15/3/2019;
39.91;16/3/2019;
39.91;17/3/2019;
40.13;18/3/2019;
40.02;19/3/2019;
40.31;20/3/2019;
40.74;21/3/2019;
40.96;22/3/2019;
42.14;23/3/2019;
42.14;24/3/2019;
42.07;25/3/2019;
42.04;26/3/2019;
42.58;27/3/2019;
43.92;28/3/2019;
43.67;29/3/2019;
43.67;30/3/2019;
43.67;31/3/2019;
43.53;1/4/2019;
42.79;2/4/2019;
43.27;3/4/2019;
42.71;4/4/2019;
43.04;5/4/2019;
43.85;6/4/2019;
43.85;7/4/2019;
43.49;8/4/2019;
43.49;9/4/2019;
43.41;10/4/2019;
43.05;11/4/2019;
42.97;12/4/2019;
42.45;13/4/2019;
42.45;14/4/2019;
42.26;15/4/2019;
41.77;16/4/2019;
43.06;17/4/2019;
42.38;18/4/2019;
42.38;19/4/2019;
42.38;20/4/2019;
42.38;21/4/2019;
42.36;22/4/2019;
42.68;23/4/2019;
42.43;24/4/2019;
44.54;25/4/2019;
45.01;26/4/2019;
46.03;27/4/2019;
46.03;28/4/2019;
46.46;29/4/2019;
46.46;30/4/2019;
44.32;1/5/2019;
44.38;2/5/2019;
44.99;3/5/2019;
44.45;4/5/2019;
44.45;5/5/2019;
44.66;6/5/2019;
44.93;7/5/2019;
45.43;8/5/2019;
45.42;9/5/2019;
45.24;10/5/2019;
44.08;11/5/2019;
44.08;12/5/2019;
45.07;13/5/2019;
45.36;14/5/2019;
45.85;15/5/2019;
44.97;16/5/2019;
45.12;17/5/2019;
45.27;18/5/2019;
45.27;19/5/2019;
45.31;20/5/2019;
45.04;21/5/2019;
44.92;22/5/2019;
44.92;23/5/2019;
45.31;24/5/2019;
44.07;25/5/2019;
44.07;26/5/2019;
44.89;27/5/2019;
45.16;28/5/2019;
44.88;29/5/2019;
44.78;30/5/2019;
44.86;31/5/2019;
44.78;1/6/2019;
44.78;2/6/2019;
44.84;3/6/2019;
44.87;4/6/2019;
44.49;5/6/2019;
44.74;6/6/2019;
44.95;7/6/2019;
44.85;8/6/2019;
44.85;9/6/2019;
44.96;10/6/2019;
44.78;11/6/2019;
44.01;12/6/2019;
42.93;13/6/2019;
43.56;14/6/2019;
44.18;15/6/2019;
44.18;16/6/2019;
44.18;17/6/2019;
44.26;18/6/2019;
43.72;19/6/2019;
43.29;20/6/2019;
43.05;21/6/2019;
42.99;22/6/2019;
42.99;23/6/2019;
43.02;24/6/2019;
42.68;25/6/2019;
42.06;26/6/2019;
42.74;27/6/2019;
43.07;28/6/2019;
42.56;29/6/2019;
42.56;30/6/2019;
43.05;1/7/2019;
42.46;2/7/2019;
42.25;3/7/2019;
41.88;4/7/2019;
42.29;5/7/2019;
41.85;6/7/2019;
41.85;7/7/2019;
41.85;8/7/2019;
41.85;9/7/2019;
42.21;10/7/2019;
41.95;11/7/2019;
41.92;12/7/2019;
41.61;13/7/2019;
41.61;14/7/2019;
41.94;15/7/2019;
42.44;16/7/2019;
42.82;17/7/2019;
42.64;18/7/2019;
42.62;19/7/2019;
42.14;20/7/2019;
42.14;21/7/2019;
42.62;22/7/2019;
42.47;23/7/2019;
42.98;24/7/2019;
43.41;25/7/2019;
43.79;26/7/2019;
43.64;27/7/2019;
43.64;28/7/2019;
43.51;29/7/2019;
43.88;30/7/2019;
44.04;31/7/2019;
44.78;1/8/2019;
44.78;2/8/2019;
44.63;3/8/2019;
44.63;4/8/2019;
45.04;5/8/2019;
45.75;6/8/2019;
45.78;7/8/2019;
45.66;8/8/2019;
45.51;9/8/2019;
45.28;10/8/2019;
45.28;11/8/2019;
46.19;12/8/2019;
55.39;13/8/2019;
57.05;14/8/2019;
60.95;15/8/2019;
58.15;16/8/2019;
55.87;17/8/2019;
55.87;18/8/2019;
55.87;19/8/2019;
56.87;20/8/2019;
56.23;21/8/2019;
55.56;22/8/2019;
55.32;23/8/2019;
54.07;24/8/2019;
54.07;25/8/2019;
55.56;26/8/2019;
55.94;27/8/2019;
57.15;28/8/2019;
60.87;29/8/2019;
59.68;30/8/2019;
63.03;31/8/2019;
63.03;1/9/2019;
65.22;2/9/2019;
61.87;3/9/2019;
62.06;4/9/2019;
61.08;5/9/2019;
61.96;6/9/2019;
61.05;7/9/2019;
61.05;8/9/2019;
64.74;9/9/2019;
64.06;10/9/2019;
66.24;11/9/2019;
67.62;12/9/2019;
68.78;13/9/2019;
73.21;14/9/2019;
73.21;15/9/2019;
71.23;16/9/2019;
69.03;17/9/2019;
68.65;18/9/2019;
69.04;19/9/2019;
68.87;20/9/2019;
67.95;21/9/2019;
67.95;22/9/2019;
68.29;23/9/2019;
67.45;24/9/2019;
65.93;25/9/2019;
63.76;26/9/2019;
64.09;27/9/2019;
61.44;28/9/2019;
61.44;29/9/2019;
62.58;30/9/2019;
63.31;1/10/2019;
66.08;2/10/2019;
67.91;3/10/2019;
65.71;4/10/2019;
67.19;5/10/2019;
67.19;6/10/2019;
66.97;7/10/2019;
64.68;8/10/2019;
67.34;9/10/2019;
68.16;10/10/2019;
68.23;11/10/2019;
68.65;12/10/2019;
68.65;13/10/2019;
68.65;14/10/2019;
68.45;15/10/2019;
68.65;16/10/2019;
69.31;17/10/2019;
73.83;18/10/2019;
73.51;19/10/2019;
73.51;20/10/2019;
73.83;21/10/2019;
75.17;22/10/2019;
79.59;23/10/2019;
77.38;24/10/2019;
79.62;25/10/2019;
81.08;26/10/2019;
81.08;27/10/2019;
81.08;28/10/2019;
81.53;29/10/2019;
75.07;30/10/2019;
78.54;31/10/2019;
79.97;1/11/2019;
80;2/11/2019;
80;3/11/2019;
80;4/11/2019;
79.03;5/11/2019;
78.79;6/11/2019;
78.49;7/11/2019;
78.22;8/11/2019;
78.21;9/11/2019;
78.21;10/11/2019;
78.02;11/11/2019;
77.12;12/11/2019;
78.11;13/11/2019;
75.97;14/11/2019;
76.77;15/11/2019;
75.44;16/11/2019;
75.44;17/11/2019;
75.44;18/11/2019;
75.67;19/11/2019;
75.84;20/11/2019;
75.34;21/11/2019;
75.02;22/11/2019;
74.85;23/11/2019;
74.85;24/11/2019;
75.02;25/11/2019;
74.82;26/11/2019;
72.27;27/11/2019;
72.84;28/11/2019;
73.49;29/11/2019;
74.81;30/11/2019;
74.81;1/12/2019;
74.33;2/12/2019;
75.01;3/12/2019;
74.64;4/12/2019;
76.39;5/12/2019;
79.13;6/12/2019;
79.01;7/12/2019;
79.01;8/12/2019;
78.88;9/12/2019;
76.06;10/12/2019;
74.19;11/12/2019;
75.96;12/12/2019;
73.18;13/12/2019;
74.07;14/12/2019;
74.07;15/12/2019;
74.07;16/12/2019;
76.03;17/12/2019;
74.18;18/12/2019;
72.87;19/12/2019;
72.63;20/12/2019;
72.82;21/12/2019;
72.82;22/12/2019;
72.82;23/12/2019;
73.44;24/12/2019;
73.44;25/12/2019;
73.43;26/12/2019;
72.94;27/12/2019;
73.55;28/12/2019;
73.55;29/12/2019;
73.55;30/12/2019;
74.41;31/12/2019;
74.41;1/1/2020;
74.41;2/1/2020;
75.06;3/1/2020;
78;4/1/2020;
78;5/1/2020;
78;6/1/2020;
77.87;7/1/2020;
77.54;8/1/2020;
78.27;9/1/2020;
77.86;10/1/2020;
79.61;11/1/2020;
79.61;12/1/2020;
79.61;13/1/2020;
80.09;14/1/2020;
81.09;15/1/2020;
80.84;16/1/2020;
81.81;17/1/2020;
80.44;18/1/2020;
80.44;19/1/2020;
80.44;20/1/2020;
81.05;21/1/2020;
81.66;22/1/2020;
81.64;23/1/2020;
84;24/1/2020;
83.29;25/1/2020;
83.29;26/1/2020;
83.29;27/1/2020;
83.54;28/1/2020;
84.63;29/1/2020;
84.11;30/1/2020;
84.88;31/1/2020;
85.41;1/2/2020;
85.41;2/2/2020;
85.41;3/2/2020;
84.45;4/2/2020;
84.82;5/2/2020;
84.83;6/2/2020;
84.24;7/2/2020;
84.62;8/2/2020;
84.62;9/2/2020;
84.62;10/2/2020;
84.03;11/2/2020;
83.74;12/2/2020;
82.47;13/2/2020;
83.45;14/2/2020;
83.23;15/2/2020;
83.23;16/2/2020;
83.23;17/2/2020;
82.92;18/2/2020;
81.05;19/2/2020;
81.74;20/2/2020;
81.36;21/2/2020;
80.57;22/2/2020;
80.57;23/2/2020;
80.57;24/2/2020;
80.57;25/2/2020;
80.57;26/2/2020;
80.68;27/2/2020;
80.56;28/2/2020;
82.03;29/2/2020;
82.03;1/3/2020;
82.03;2/3/2020;
82.48;3/3/2020;
82.01;4/3/2020;
81.55;5/3/2020;
81.95;6/3/2020;
83.22;7/3/2020;
83.22;8/3/2020;
83.22;9/3/2020;
86.49;10/3/2020;
84.85;11/3/2020;
87.01;12/3/2020;
89.04;13/3/2020;
89.15;14/3/2020;
89.15;15/3/2020;
89.15;16/3/2020;
89.31;17/3/2020;
88.19;18/3/2020;
89.53;19/3/2020;
89.93;20/3/2020;
91.06;21/3/2020;
91.06;22/3/2020;
91.06;23/3/2020;
91.06;24/3/2020;
87.99;25/3/2020;
84.36;26/3/2020;
86.49;27/3/2020;
86.49;28/3/2020;
86.49;29/3/2020;
86.92;30/3/2020;
86.92;31/3/2020;
87.92;1/4/2020;
88.81;2/4/2020;
89.09;3/4/2020;
89.09;4/4/2020;
89.09;5/4/2020;
90.78;6/4/2020;
90.44;7/4/2020;
94.69;8/4/2020;
94.69;9/4/2020;
94.69;10/4/2020;
94.69;11/4/2020;
94.69;12/4/2020;
102.21;13/4/2020;
107.42;14/4/2020;
108.79;15/4/2020;
102.01;16/4/2020;
102.64;17/4/2020;
102.64;18/4/2020;
102.64;19/4/2020;
105.27;20/4/2020;
109.56;21/4/2020;
111.11;22/4/2020;
111.57;23/4/2020;
112.02;24/4/2020;
112.02;25/4/2020;
112.02;26/4/2020;
115.09;27/4/2020;
119.64;28/4/2020;
109.76;29/4/2020;
114.65;30/4/2020;
114.65;1/5/2020;
114.65;2/5/2020;
114.65;3/5/2020;
112.56;4/5/2020;
119.91;5/5/2020;
118.43;6/5/2020;
117.81;7/5/2020;
115.35;8/5/2020;
115.35;9/5/2020;
115.35;10/5/2020;
118.53;11/5/2020;
121.96;12/5/2020;
125.76;13/5/2020;
122.83;14/5/2020;
121.32;15/5/2020;
121.32;16/5/2020;
121.32;17/5/2020;
118.78;18/5/2020;
118.38;19/5/2020;
119.51;20/5/2020;
117.42;21/5/2020;
113.92;22/5/2020;
113.92;23/5/2020;
113.92;24/5/2020;
113.92;25/5/2020;
110.64;26/5/2020;
109.84;27/5/2020;
112.69;28/5/2020;
113.42;29/5/2020;
113.42;30/5/2020;
113.42;31/5/2020;
114.08;1/6/2020;
114.05;2/6/2020;
114.71;3/6/2020;
114.41;4/6/2020;
115.34;5/6/2020;
115.34;6/6/2020;
115.34;7/6/2020;
116.37;8/6/2020;
116.08;9/6/2020;
114.04;10/6/2020;
112.27;11/6/2020;
109.27;12/6/2020;
109.27;13/6/2020;
109.27;14/6/2020;
109.27;15/6/2020;
109.12;16/6/2020;
107.68;17/6/2020;
109.81;18/6/2020;
110;19/6/2020;
110;20/6/2020;
110;21/6/2020;
105.49;22/6/2020;
108.58;23/6/2020;
108.03;24/6/2020;
106.01;25/6/2020;
105.07;26/6/2020;
105.07;27/6/2020;
105.07;28/6/2020;
104.07;29/6/2020;
104.14;30/6/2020;
108.01;1/7/2020;
109.73;2/7/2020;
108.55;3/7/2020;
108.55;4/7/2020;
108.55;5/7/2020;
108.11;6/7/2020;
109.48;7/7/2020;
109.12;8/7/2020;
109.12;9/7/2020;
109.12;10/7/2020;
109.12;11/7/2020;
109.12;12/7/2020;
111.73;13/7/2020;
113.06;14/7/2020;
113.37;15/7/2020;
113.62;16/7/2020;
117.86;17/7/2020;
117.86;18/7/2020;
117.86;19/7/2020;
119.02;20/7/2020;
118.89;21/7/2020;
116.91;22/7/2020;
114.39;23/7/2020;
117.48;24/7/2020;
117.48;25/7/2020;
117.48;26/7/2020;
117.98;27/7/2020;
118.48;28/7/2020;
118.26;29/7/2020;
121.41;30/7/2020;
124.01;31/7/2020;
124.01;1/8/2020;
124.01;2/8/2020;
122;3/8/2020;
119.18;4/8/2020;
119.46;5/8/2020;
123.53;6/8/2020;
126.56;7/8/2020;
126.56;8/8/2020;
126.56;9/8/2020;
128.35;10/8/2020;
127.77;11/8/2020;
130.05;12/8/2020;
130.22;13/8/2020;
126.08;14/8/2020;
126.08;15/8/2020;
126.08;16/8/2020;
126.08;17/8/2020;
129.06;18/8/2020;
131.04;19/8/2020;
132.94;20/8/2020;
135;21/8/2020;
135;22/8/2020;
135;23/8/2020;
132.95;24/8/2020;
130.54;25/8/2020;
128.42;26/8/2020;
125.57;27/8/2020;
125.84;28/8/2020;
125.84;29/8/2020;
125.84;30/8/2020;
125.79;31/8/2020;
130.78;1/9/2020;
129.51;2/9/2020;
123.81;3/9/2020;
128.49;4/9/2020;
128.49;5/9/2020;
128.49;6/9/2020;
125.88;7/9/2020;
119.32;8/9/2020;
120.22;9/9/2020;
120.91;10/9/2020;
126.36;11/9/2020;
126.36;12/9/2020;
126.36;13/9/2020;
130.03;14/9/2020;
128.29;15/9/2020;
131.09;16/9/2020;
132.04;17/9/2020;
137.76;18/9/2020;
139.44;21/9/2020;
145.69;22/9/2020;
151.42;23/9/2020;
145.79;24/9/2020;
145.73;25/9/2020;
145.85;28/9/2020;
148.03;29/9/2020;
146.65;30/9/2020;
147.42;1/10/2020;
151.13;2/10/2020;
153.81;5/10/2020;
153.25;6/10/2020;
152.64;7/10/2020;
153.98;8/10/2020;
158.14;9/10/2020;
160.34;13/10/2020;
167.01;14/10/2020;
171.03;15/10/2020;
169.06;16/10/2020;
165.16;19/10/2020;
172.64;20/10/2020;
182.39;21/10/2020;
184.49;22/10/2020;
183.59;23/10/2020;
169.18;26/10/2020;
165.83;27/10/2020;
158.15;28/10/2020;
159.83;29/10/2020;
153.14;30/10/2020;
152.82;2/11/2020;
153.09;3/11/2020;
153.55;4/11/2020;
154.63;5/11/2020;
150.35;6/11/2020;
149.08;9/11/2020;
148.03;10/11/2020;
151.74;11/11/2020;
149.97;12/11/2020;
148.74;13/11/2020;
148.56;16/11/2020;
149.96;17/11/2020;
152.06;18/11/2020;
152.17;19/11/2020;
154.26;20/11/2020;
151.07;24/11/2020;
151.62;25/11/2020;
153.13;27/11/2020;
150.86;30/11/2020;
149.04;1/12/2020;
146.08;2/12/2020;
146.74;3/12/2020;
144.01;4/12/2020;
142.06;9/12/2020;
141.38;10/12/2020;
143.51;14/12/2020;
143.39;15/12/2020;
143.19;16/12/2020;
143.04;17/12/2020;
140.98;18/12/2020;
138.08;21/12/2020;
141.63;22/12/2020;
143.46;23/12/2020;
142.96;28/12/2020;
143.77;29/12/2020;
144.43;30/12/2020;
146.68;4/1/2021;
148.71;5/1/2021;
148.46;6/1/2021;
148.44;7/1/2021;
149.81;8/1/2021;
150.65;11/1/2021;
150.65;12/1/2021;
151.44;13/1/2021;
150.86;14/1/2021;
151.39;15/1/2021;
151.69;18/1/2021;
150.67;19/1/2021;
151.13;20/1/2021;
152.55;21/1/2021;
152.94;22/1/2021;
152.56;25/1/2021;
153.45;26/1/2021;
153.87;27/1/2021;
155.34;28/1/2021;
154.41;29/1/2021;
154.69;1/2/2021;
155.82;2/2/2021;
156.25;3/2/2021;
156.43;4/2/2021;
155.94;5/2/2021;
155.11;8/2/2021;
155.58;9/2/2021;
155.09;10/2/2021;
152.39;11/2/2021;
150.64;12/2/2021;
148.35;17/2/2021;
145.18;18/2/2021;
143.41;19/2/2021;
142.64;22/2/2021;
143.66;23/2/2021;
145.86;24/2/2021;
147.26;25/2/2021;
150.77;26/2/2021;
150.35;1/3/2021;
152.02;2/3/2021;
153.06;3/3/2021;
151.56;4/3/2021;
151.06;5/3/2021;
153.56;8/3/2021;
154.44;9/3/2021;
150.86;10/3/2021;
150.56;11/3/2021;
150.62;12/3/2021;
151.48;15/3/2021;
151.06;16/3/2021;
151.91;17/3/2021;
151.28;18/3/2021;
149.01;19/3/2021;
148.95;22/3/2021;
149.23;23/3/2021;
147.25;25/3/2021;
145.22;26/3/2021;
144.43;29/3/2021;
146.17;30/3/2021;
147.33;31/3/2021;
148.47;5/4/2021;
150.45;6/4/2021;
150.85;7/4/2021;
151.39;8/4/2021;
151.33;9/4/2021;
150.83;12/4/2021;
151.63;13/4/2021;
151.88;14/4/2021;
152.07;15/4/2021;
151.99;16/4/2021;
151.81;19/4/2021;
153.55;20/4/2021;
153.13;21/4/2021;
152.05;22/4/2021;
154.26;23/4/2021;
155.14;26/4/2021;
155.94;27/4/2021;
157.31;28/4/2021;
158.37;29/4/2021;
157.47;30/4/2021;
159.65;3/5/2021;
159.68;4/5/2021;
159.58;5/5/2021;
158.55;6/5/2021;
159.15;7/5/2021;
158.06;10/5/2021;
156.89;11/5/2021;
157.72;12/5/2021;
160.28;13/5/2021;
159.01;14/5/2021;
160.87;17/5/2021;
162.45;18/5/2021;
162.91;19/5/2021;
164.64;20/5/2021;
165.32;21/5/2021;
165.08;26/5/2021;
164.35;27/5/2021;
165.49;28/5/2021;
169.24;31/5/2021;
166.83;1/6/2021;
168;2/6/2021;
167.06;3/6/2021;
167.21;4/6/2021;
167.07;7/6/2021;
167.33;8/6/2021;
166.49;9/6/2021;
164.92;10/6/2021;
164.66;11/6/2021;
163.91;14/6/2021;
165.63;15/6/2021;
165.89;16/6/2021;
167.59;17/6/2021;
167.24;18/6/2021;
169.08;22/6/2021;
169.13;23/6/2021;
168.87;24/6/2021;
170.82;25/6/2021;
170.34;28/6/2021;
169.98;29/6/2021;
171.84;30/6/2021;
172.01;1/7/2021;
172.71;2/7/2021;
176.17;5/7/2021;
174.46;6/7/2021;
174.66;7/7/2021;
174.26;8/7/2021;
171.73;12/7/2021;
171.92;13/7/2021;
173;14/7/2021;
174.03;15/7/2021;
175.44;16/7/2021;
178.02;19/7/2021;
178.98;20/7/2021;
179.13;21/7/2021;
180.01;22/7/2021;
179.88;23/7/2021;
180.64;26/7/2021;
180.71;27/7/2021;
181.31;28/7/2021;
181.03;29/7/2021;
181.92;30/7/2021;
181.74;2/8/2021;
180.56;3/8/2021;
179.23;4/8/2021;
179.69;5/8/2021;
178.39;6/8/2021;
177.46;9/8/2021;
176.33;10/8/2021;
177.52;11/8/2021;
175.71;12/8/2021;
178.97;13/8/2021;
177.07;17/8/2021;
177.04;18/8/2021;
179.66;19/8/2021;
179.06;20/8/2021;
177.45;23/8/2021;
176.49;24/8/2021;
176.61;25/8/2021;
177.35;26/8/2021;
177.72;27/8/2021;
175.73;30/8/2021;
177.01;31/8/2021;
177.68;1/9/2021;
177.69;2/9/2021;
177.98;3/9/2021;
181.17;6/9/2021;
178.15;7/9/2021;
178.48;8/9/2021;
181.07;9/9/2021;
183.42;10/9/2021;
178.04;13/9/2021;
179.48;14/9/2021;
180.61;15/9/2021;
180.62;16/9/2021;
182.28;17/9/2021;
185.38;20/9/2021;
186.86;21/9/2021;
188.39;22/9/2021;
190.06;23/9/2021;
192.24;24/9/2021;
193.99;27/9/2021;
194.67;28/9/2021;
194.34;29/9/2021;
192.15;30/9/2021;
192.62;1/10/2021;
192.82;4/10/2021;
190.37;5/10/2021;
190.89;6/10/2021;
192.05;7/10/2021;
191.59;12/10/2021;
191.06;13/10/2021;
192.94;14/10/2021;
193.47;15/10/2021;
194.43;18/10/2021;
195.89;19/10/2021;
195.88;20/10/2021;
198.07;21/10/2021;
200.51;22/10/2021;
200.21;25/10/2021;
201.49;26/10/2021;
202;27/10/2021;
205.03;28/10/2021;
210.13;29/10/2021;
214.84;1/11/2021;
216.98;2/11/2021;
215.85;3/11/2021;
216.65;4/11/2021;
218.07;5/11/2021;
216.04;8/11/2021;
212.43;9/11/2021;
213.81;10/11/2021;
214.71;11/11/2021;
216.88;12/11/2021;
208.67;15/11/2021;
211.85;16/11/2021;
212.66;17/11/2021;
213.32;18/11/2021;
215.99;19/11/2021;
216.71;23/11/2021;
216.04;24/11/2021;
213.78;25/11/2021;
211.66;26/11/2021;
210.79;29/11/2021;
216.49;30/11/2021;
220.41;1/12/2021;
219.71;2/12/2021;
218.34;3/12/2021;
219.77;6/12/2021;
216.63;7/12/2021;
211.27;9/12/2021;
208.29;10/12/2021;
204.03;13/12/2021;
204.54;14/12/2021;
199.79;15/12/2021;
201.28;16/12/2021;
206.41;17/12/2021;
206.18;20/12/2021;
208.37;21/12/2021;
207.05;22/12/2021;
203.44;23/12/2021;
198.93;27/12/2021;
198.07;28/12/2021;
200.64;29/12/2021;
202.78;30/12/2021;
204.09;3/1/2022;
205.63;4/1/2022;
208.01;5/1/2022;
211.68;6/1/2022;
212.08;7/1/2022;
213.03;10/1/2022;
209.84;11/1/2022;
208.05;12/1/2022;
208.66;13/1/2022;
207.81;14/1/2022;
210.25;17/1/2022;
211.08;18/1/2022;
214.34;19/1/2022;
222.03;20/1/2022;
225.01;21/1/2022;
222.73;24/1/2022;
228.77;25/1/2022;
230.96;26/1/2022;
234.24;27/1/2022;
223.25;28/1/2022;
222.96;31/1/2022;
222.09;1/2/2022;
218.45;2/2/2022;
220.09;3/2/2022;
220.47;4/2/2022;
218.91;7/2/2022;
215.04;8/2/2022;
213.55;9/2/2022;
215.38;10/2/2022;
215.83;11/2/2022;
213.62;14/2/2022;
212.08;15/2/2022;
210.71;16/2/2022;
210.56;17/2/2022;
207.47;18/2/2022;
205.71;21/2/2022;
200.95;22/2/2022;
203.24;23/2/2022;
200.03;24/2/2022;
199.06;25/2/2022;
202.83;2/3/2022;
201.58;3/3/2022;
201.17;4/3/2022;
198.92;7/3/2022;
191.08;11/3/2022;
187.69;14/3/2022;
189.91;15/3/2022;
194.96;16/3/2022;
195.87;17/3/2022;
196.59;18/3/2022;
197.59;21/3/2022;
200.74;22/3/2022;
201.37;23/3/2022;
199.05;25/3/2022;
195.98;28/3/2022;
191.52;29/3/2022;
191.89;30/3/2022;
191.33;31/3/2022;
190;1/4/2022;
189.56;4/4/2022;
189.69;5/4/2022;
189.62;6/4/2022;
191.06;7/4/2022;
190.39;8/4/2022;
191.15;11/4/2022;
190.75;12/4/2022;
190.75;13/4/2022;
188.74;18/4/2022;
191.26;19/4/2022;
195.95;20/4/2022;
204.05;21/4/2022;
209.96;22/4/2022;
209.66;25/4/2022;
214.03;26/4/2022;
210.07;27/4/2022;
205.85;28/4/2022;
207.36;29/4/2022;
210.36;2/5/2022;
207;3/5/2022;
204.67;4/5/2022;
205.82;5/5/2022;
208.84;6/5/2022;
207.63;9/5/2022;
209.19;10/5/2022;
207.94;11/5/2022;
209.81;12/5/2022;
213.44;13/5/2022;
213.54;16/5/2022;
210.74;17/5/2022;
210.13;19/5/2022;
211.22;20/5/2022;
210.75;23/5/2022;
212.75;24/5/2022;
214.35;26/5/2022;
212.08;27/5/2022;
213.47;30/5/2022;
211.27;31/5/2022;
210.92;1/6/2022;
209.28;2/6/2022;
209.39;3/6/2022;
210.47;6/6/2022;
209.57;7/6/2022;
210.61;8/6/2022;
220.83;9/6/2022;
228.91;10/6/2022;
240.83;13/6/2022;
241.02;14/6/2022;
238.81;15/6/2022;
241.02;16/6/2022;
241.35;21/6/2022;
237.86;22/6/2022;
237.11;23/6/2022;
237.07;24/6/2022;
244.83;27/6/2022;
249.92;28/6/2022;
249.72;29/6/2022;
253.14;30/6/2022;
251.86;1/7/2022;
280.95;4/7/2022;
276.83;5/7/2022;
280.02;6/7/2022;
297.17;7/7/2022;
303.14;8/7/2022;
298.94;11/7/2022;
291.97;12/7/2022;
292.08;13/7/2022;
296.06;14/7/2022;
300.64;15/7/2022;
304.66;18/7/2022;
307.97;19/7/2022;
311.75;20/7/2022;
333.65;21/7/2022;
325.42;22/7/2022;
329.39;25/7/2022;
333.06;26/7/2022;
332.65;27/7/2022;
314.59;28/7/2022;
289.11;29/7/2022;
281.77;1/8/2022;
288.07;2/8/2022;
288.92;3/8/2022;
293.31;4/8/2022;
285.54;5/8/2022;
284.74;8/8/2022;
287.31;9/8/2022;
287.86;10/8/2022;
285.04;11/8/2022;
286.11;12/8/2022;
282.06;16/8/2022;
286.91;17/8/2022;
294.05;18/8/2022;
301.67;19/8/2022;
298.04;22/8/2022;
299.67;23/8/2022;
299.01;24/8/2022;
295.93;25/8/2022;
289.02;26/8/2022;
295.49;30/8/2022;
295.09;31/8/2022;
289.76;1/9/2022;
293.79;2/9/2022;
283.65;5/9/2022;
285.06;6/9/2022;
282.46;7/9/2022;
283.64;8/9/2022;
281.61;9/9/2022;
280.06;12/9/2022;
280.59;13/9/2022;
283.72;14/9/2022;
295.78;15/9/2022;
300.89;16/9/2022;
303.93;19/9/2022;
302.17;20/9/2022;
307.45;21/9/2022;
314.08;22/9/2022;
311.56;23/9/2022;
311.34;26/9/2022;
307.91;27/9/2022;
307.13;28/9/2022;
306.08;29/9/2022;
310.92;30/9/2022;
309.04;3/10/2022;
309.53;4/10/2022;
310.77;5/10/2022;
307.38;6/10/2022;
305.66;11/10/2022;
307.04;12/10/2022;
313.94;13/10/2022;
313.11;14/10/2022;
308.09;17/10/2022;
304.13;18/10/2022;
303.03;19/10/2022;
304.01;20/10/2022;
303.07;21/10/2022;
303.96;24/10/2022;
305.82;25/10/2022;
305.93;26/10/2022;
307.48;27/10/2022;
305.08;28/10/2022;
307.03;31/10/2022;
303.67;1/11/2022;
303.38;2/11/2022;
304.93;3/11/2022;
304.55;4/11/2022;
303.11;7/11/2022;
304.99;8/11/2022;
306.28;9/11/2022;
309.08;10/11/2022;
310.08;11/11/2022;
310.89;14/11/2022;
319.12;15/11/2022;
324.62;16/11/2022;
334.79;17/11/2022;
332.24;18/11/2022;
330.95;22/11/2022;
325.72;23/11/2022;
322.61;24/11/2022;
323.02;25/11/2022;
322.49;28/11/2022;
322.74;29/11/2022;
322.75;30/11/2022;
323.72;1/12/2022;
327;2/12/2022;
330.47;5/12/2022;
340.04;6/12/2022;
338.09;7/12/2022;
332.38;12/12/2022;
333.68;13/12/2022;
330.13;14/12/2022;
332.67;15/12/2022;
332.31;16/12/2022;
332.43;19/12/2022;
331.58;20/12/2022;
332.95;21/12/2022;
333.48;22/12/2022;
333.16;23/12/2022;
334.85;26/12/2022;
337.49;27/12/2022;
346.15;28/12/2022;
340.05;29/12/2022;
344.13;30/12/2022;
344.88;2/1/2023;
344.44;3/1/2023;
339.48;4/1/2023;
342.16;5/1/2023;
338.92;6/1/2023;
333.97;9/1/2023;
331.97;10/1/2023;
336.96;11/1/2023;
343.57;12/1/2023;
349.26;13/1/2023;
356.38;16/1/2023;
362.19;17/1/2023;
351.82;18/1/2023;
355.41;19/1/2023;
360.98;20/1/2023;
363.19;23/1/2023;
360.03;24/1/2023;
365.99;25/1/2023;
369.39;26/1/2023;
370.39;27/1/2023;
369.52;30/1/2023;
367.42;31/1/2023;
367.07;1/2/2023;
366.83;2/2/2023;
362.95;3/2/2023;
365.71;6/2/2023;
366.16;7/2/2023;
366.13;8/2/2023;
371.06;9/2/2023;
371.23;10/2/2023;
370.87;13/2/2023;
369.82;14/2/2023;
368.52;15/2/2023;
370.02;16/2/2023;
369.08;17/2/2023;
368.46;22/2/2023;
367.03;23/2/2023;
367.02;24/2/2023;
364.93;27/2/2023;
366.41;28/2/2023;
368.88;1/3/2023;
372.57;2/3/2023;
372.31;3/3/2023;
372.68;6/3/2023;
375.69;7/3/2023;
378.96;8/3/2023;
387.78;9/3/2023;
393.68;10/3/2023;
395.05;13/3/2023;
391.47;14/3/2023;
397.07;15/3/2023;
400.62;16/3/2023;
403.57;17/3/2023;
401.36;20/3/2023;
399.62;21/3/2023;
397.17;22/3/2023;
390.19;23/3/2023;
392.58;27/3/2023;
390.63;28/3/2023;
395.89;29/3/2023;
402.79;30/3/2023;
406.54;31/3/2023;
406.77;3/4/2023;
409.82;4/4/2023;
408.24;5/4/2023;
403.17;10/4/2023;
398.97;11/4/2023;
398.31;12/4/2023;
402.14;13/4/2023;
404.88;14/4/2023;
409.04;17/4/2023;
425.09;18/4/2023;
429.65;19/4/2023;
435.74;20/4/2023;
455.11;21/4/2023;
462.35;24/4/2023;
465.97;25/4/2023;
469.32;26/4/2023;
457.29;27/4/2023;
453.16;28/4/2023;
459.89;2/5/2023;
448.51;3/5/2023;
448.21;4/5/2023;
456.03;5/5/2023;
457.76;8/5/2023;
453.03;9/5/2023;
451.06;10/5/2023;
453.96;11/5/2023;
469.15;12/5/2023;
472.71;15/5/2023;
481.69;16/5/2023;
483.73;17/5/2023;
495.86;18/5/2023;
493.16;19/5/2023;
493.05;22/5/2023;
495.11;23/5/2023;
492.32;24/5/2023;
497.59;29/5/2023;
486.83;30/5/2023;
492.42;31/5/2023;
496.58;1/6/2023;
497.22;2/6/2023;
495.88;5/6/2023;
494.69;6/6/2023;
493.57;7/6/2023;
499.01;8/6/2023;
500.33;9/6/2023;
501.29;12/6/2023;
500.91;13/6/2023;
501.06;14/6/2023;
506.61;15/6/2023;
506.69;16/6/2023;
507.04;21/6/2023;
511.02;22/6/2023;
520.02;23/6/2023;
510.41;26/6/2023;
509.74;27/6/2023;
503.55;28/6/2023;
505.66;29/6/2023;
512.04;30/6/2023;
508.87;3/7/2023;
512.46;4/7/2023;
510.08;5/7/2023;
515.11;6/7/2023;
516.65;7/7/2023;
513.57;10/7/2023;
513.99;11/7/2023;
515.75;12/7/2023;
525.97;13/7/2023;
540.39;14/7/2023;
533.71;17/7/2023;
527.37;18/7/2023;
528.27;19/7/2023;
530.37;20/7/2023;
533.87;21/7/2023;
535.66;24/7/2023;
540.84;25/7/2023;
541.99;26/7/2023;
544.92;27/7/2023;
546.98;28/7/2023;
551.27;31/7/2023;
560.22;1/8/2023;
568.59;2/8/2023;
576.07;3/8/2023;
585.41;4/8/2023;
597.73;7/8/2023;
597.03;8/8/2023;
591.79;9/8/2023;
598.74;10/8/2023;
601.44;11/8/2023;
655.06;14/8/2023;
702.17;15/8/2023;
722.92;16/8/2023;
743.44;17/8/2023;
746.14;18/8/2023;
745.63;22/8/2023;
746.72;23/8/2023;
761.48;24/8/2023;
770.24;25/8/2023;
787.36;28/8/2023;
802.48;29/8/2023;
798.58;30/8/2023;
780.54;31/8/2023;
767.75;1/9/2023;
769.98;4/9/2023;
761.35;5/9/2023;
762.84;6/9/2023;
738.69;7/9/2023;
741.21;8/9/2023;
736.16;11/9/2023;
739.15;12/9/2023;
741.06;13/9/2023;
742.47;14/9/2023;
740.08;15/9/2023;
734.31;18/9/2023;
737.84;19/9/2023;
742.81;20/9/2023;
748.87;21/9/2023;
752.82;22/9/2023;
761.71;25/9/2023;
775.52;26/9/2023;
789.68;27/9/2023;
818.85;28/9/2023;
822.53;29/9/2023;
829.67;2/10/2023;
837.87;3/10/2023;
904.66;4/10/2023;
893.71;5/10/2023;
892.12;6/10/2023;
881.52;9/10/2023;
953.91;10/10/2023;
944.94;11/10/2023;
966.96;12/10/2023;
962.69;17/10/2023;
952.59;18/10/2023;
956.72;19/10/2023;
1110.59;20/10/2023;
935.19;23/10/2023;
887.72;24/10/2023;
888.99;25/10/2023;
872.62;26/10/2023;
856.85;27/10/2023;
853.07;30/10/2023;
864.84;31/10/2023;
882.97;1/11/2023;
883.21;2/11/2023;
868.08;3/11/2023;
857.82;7/11/2023;
823.26;8/11/2023;
871.56;9/11/2023;
876.63;10/11/2023;
877.44;13/11/2023;
875.59;14/11/2023;
872.97;15/11/2023;
869.42;16/11/2023;
876.27;17/11/2023;
880.33;21/11/2023;
947.16;22/11/2023;
962;23/11/2023;
924.24;24/11/2023;
858.58;27/11/2023;
849.27;28/11/2023;
819.64;29/11/2023;
834.04;30/11/2023;
904.67;1/12/2023;
891.01;4/12/2023;
909.52;5/12/2023;
937.02;6/12/2023;
991.66;7/12/2023;
999.07;11/12/2023;
1031.56;12/12/2023;
1009.01;13/12/2023;
1014.73;14/12/2023;
993.16;15/12/2023;
946.33;18/12/2023;
948.75;19/12/2023;
946.67;20/12/2023;
943.74;21/12/2023;
941.96;22/12/2023;
901.94;26/12/2023;
869.78;27/12/2023;
944.03;28/12/2023;
973.15;29/12/2023;
996.61;2/1/2024;
1048.82;3/1/2024;
1090.91;4/1/2024;
1140.44;5/1/2024;
1201.55;8/1/2024;
1193.05;9/1/2024;
1182.72;10/1/2024;
1148.09;11/1/2024;
1136.65;12/1/2024;
1164.06;15/1/2024;
1213.74;16/1/2024;
1273.34;17/1/2024;
1282.58;18/1/2024;
1306.16;19/1/2024;
1312.49;22/1/2024;
1285.71;23/1/2024;
1304.07;24/1/2024;
1281.95;25/1/2024;
1231.09;26/1/2024;
1263.18;29/1/2024;
1269.37;30/1/2024;
1248.95;31/1/2024;
1280.42;1/2/2024;
1288.36;2/2/2024;
1294.93;5/2/2024;
1249.42;6/2/2024;
1263.67;7/2/2024;
1246.57;8/2/2024;
1229.01;9/2/2024;
